<?xml version="1.0" encoding="UTF-8"?>
<!--
  ~ The MIT License (MIT)
  ~
  ~ Copyright (c) 2014 abel533@gmail.com
  ~
  ~ Permission is hereby granted, free of charge, to any person obtaining a copy
  ~ of this software and associated documentation files (the "Software"), to deal
  ~ in the Software without restriction, including without limitation the rights
  ~ to use, copy, modify, merge, publish, distribute, sublicense, and/or sell
  ~ copies of the Software, and to permit persons to whom the Software is
  ~ furnished to do so, subject to the following conditions:
  ~
  ~ The above copyright notice and this permission notice shall be included in
  ~ all copies or substantial portions of the Software.
  ~
  ~ THE SOFTWARE IS PROVIDED "AS IS", WITHOUT WARRANTY OF ANY KIND, EXPRESS OR
  ~ IMPLIED, INCLUDING BUT NOT LIMITED TO THE WARRANTIES OF MERCHANTABILITY,
  ~ FITNESS FOR A PARTICULAR PURPOSE AND NONINFRINGEMENT. IN NO EVENT SHALL THE
  ~ AUTHORS OR COPYRIGHT HOLDERS BE LIABLE FOR ANY CLAIM, DAMAGES OR OTHER
  ~ LIABILITY, WHETHER IN AN ACTION OF CONTRACT, TORT OR OTHERWISE, ARISING FROM,
  ~ OUT OF OR IN CONNECTION WITH THE SOFTWARE OR THE USE OR OTHER DEALINGS IN
  ~ THE SOFTWARE.
  -->

<beans xmlns="http://www.springframework.org/schema/beans"
       xmlns:xsi="http://www.w3.org/2001/XMLSchema-instance"
       xmlns:tx="http://www.springframework.org/schema/tx"
       xmlns:aop="http://www.springframework.org/schema/aop"
       xmlns:context="http://www.springframework.org/schema/context"
       xsi:schemaLocation="http://www.springframework.org/schema/beans
       http://www.springframework.org/schema/beans/spring-beans.xsd
       http://www.springframework.org/schema/tx
       http://www.springframework.org/schema/tx/spring-tx.xsd
       http://www.springframework.org/schema/aop
       http://www.springframework.org/schema/aop/spring-aop.xsd
       http://www.springframework.org/schema/context
       http://www.springframework.org/schema/context/spring-context.xsd">

  <context:component-scan base-package="com.isea533.mybatis.service"/>

  <context:property-placeholder location="classpath:config.properties"/>

  <!--  c3p0  -->
  <bean id="dataSource" class="com.mchange.v2.c3p0.ComboPooledDataSource" destroy-method="close">
    <property name="driverClass" value="${jdbc.driverClass}"/>
    <property name="jdbcUrl" value="${jdbc.url}"/>
    <property name="user" value="${jdbc.user}"/>
    <property name="password" value="${jdbc.password}"/>
    <property name="maxPoolSize" value="${jdbc.maxPoolSize}"/>
    <property name="minPoolSize" value="${jdbc.minPoolSize}"/>
    <property name="maxStatements" value="${jdbc.maxStatements}"/>
    <property name="testConnectionOnCheckout" value="${jdbc.testConnection}"/>
  </bean>

  <bean id="sqlSessionFactory" class="org.mybatis.spring.SqlSessionFactoryBean">
    <property name="dataSource" ref="dataSource"/>
    <property name="mapperLocations">
      <array>
        <value>classpath*:${mapper.Mapper}</value>
        <value>classpath:mapper/*.xml</value>
      </array>
    </property>
    <property name="typeAliasesPackage" value="com.isea533.mybatis.model"/>
    <property name="plugins">
      <array>
        <bean class="com.github.pagehelper.PageHelper">
          <property name="properties">
            <value>
              dialect=mysql
              reasonable=true
            </value>
          </property>
        </bean>
      </array>
    </property>
  </bean>

  <bean class="org.mybatis.spring.mapper.MapperScannerConfigurer">
    <property name="basePackage" value="com.isea533.mybatis.mapper"/>
  </bean>

  <bean id="sqlSession" class="org.mybatis.spring.SqlSessionTemplate" scope="prototype">
    <constructor-arg index="0" ref="sqlSessionFactory"/>
  </bean>

  <aop:aspectj-autoproxy/>

  <aop:config>
    <aop:pointcut id="appService" expression="execution(* com.isea533.mybatis.service..*Service*.*(..))"/>
    <aop:advisor advice-ref="txAdvice" pointcut-ref="appService"/>
  </aop:config>

  <tx:advice id="txAdvice" transaction-manager="transactionManager">
    <tx:attributes>
      <tx:method name="select*" read-only="true"/>
      <tx:method name="find*" read-only="true"/>
      <tx:method name="get*" read-only="true"/>
      <tx:method name="*"/>
    </tx:attributes>
  </tx:advice>

  <bean id="transactionManager" class="org.springframework.jdbc.datasource.DataSourceTransactionManager">
    <property name="dataSource" ref="dataSource"/>
  </bean>

  <bean class="com.github.abel533.mapperhelper.MapperHelper"
        depends-on="sqlSession" init-method="initMapper" scope="singleton" lazy-init="false">
    <property name="mappers">
      <array>
        <value>${mapper.Mapper}</value>
      </array>
    </property>
    <property name="sqlSessions" ref="sqlSession"/>
  </bean>
</beans>